Description,Prix/m²,Tél. commercial,Conseiller immobilier,Source
Un terrain de 9ha70A8ca offrant une très belle vue à Tsiafahy- ANTANANARIVO,15 000 Ar,Felana RAKOTONDRAVOAVY,(+261) 34 16 547 55,https://www.ofim.mg/68716/Vente-Terrain-ANTANANARIVO-TANANARIVE-Un-terrain-de-9ha70A8ca-offrant-une-tres-belle-vue-a-Tsiafahy-ANTANANARIVO.html
Terrain plat de  7149 m2 avec vue dégagée sur Ambohimalaza- Antananarivo,20 000 Ar,Felana RAKOTONDRAVOAVY,(+261) 34 16 547 55,https://www.ofim.mg/66381/Vente-Terrain-ANTANANARIVO-TANANARIVE-Terrain-plat-de-7149-m2-avec-vue-degagee-sur-Ambohimalaza-Antananarivo.html
Un terrain de 03Ha 08A 23Ca à Imeritsiatosika Arivonimamo,26 500 Ar,Lalaina RATSIMBAZAFY,(+261) 34 08 583 76,https://www.ofim.mg/68881/Vente-Terrain-ANTANANARIVO-TANANARIVE-Un-terrain-de-03Ha-08A-23Ca-a-Imeritsiatosika-Arivonimamo.html
"Une carrière de granite  de 2ha 20a 21ca, également constructible à Ambatofotsy- Antananarivo",30 000 Ar,Felana RAKOTONDRAVOAVY,(+261) 34 16 547 55,https://www.ofim.mg/63145/Vente-Terrain-ANTANANARIVO-TANANARIVE-Une-carriere-de-granite-de-2ha-20a-21ca-egalement-constructible-a-Ambatofotsy-Antananarivo.html
"A vendre, grand terrain de 9958 m2en bord de route principale sur Fenoarivo Morarano- Antananarivo",30 000 Ar,Felana RAKOTONDRAVOAVY,(+261) 34 16 547 55,https://www.ofim.mg/69638/Vente-Terrain-ANTANANARIVO-TANANARIVE-A-vendre-grand-terrain-de-9958-m2en-bord-de-route-principale-sur-Fenoarivo-Morarano-Antananarivo.html
Terrain a vendre a ambohitrabiby,32 520 Ar,,,https://www.ofim.mg/52240/Vente-Terrain-ANTANANARIVO-TANANARIVE-Terrain-a-vendre-a-ambohitrabiby.html
Terrain plat de 5 005 m2 à Anjafikely Imerimandroso- Antananarivo,38 000 Ar,Felana RAKOTONDRAVOAVY,(+261) 34 16 547 55,https://www.ofim.mg/69498/Vente-Terrain-ANTANANARIVO-TANANARIVE-Terrain-plat-de-5-005-m2-a-Anjafikely-Imerimandroso-Antananarivo.html
Un terrain de 1Ha 53A 09Ca à Analavory Ampefy ( Région Itasy ),47 700 Ar,Lalaina RATSIMBAZAFY,(+261) 34 08 583 76,https://www.ofim.mg/68879/Vente-Terrain-ANTANANARIVO-TANANARIVE-Un-terrain-de-1Ha-53A-09Ca-a-Analavory-Ampefy-Region-Itasy.html
Terrain de 400 m2 dans un lotissement avec belle vue à Ambatomirahavavy- Antananarivo,55 000 Ar,Felana RAKOTONDRAVOAVY,(+261) 34 16 547 55,https://www.ofim.mg/67143/Vente-Terrain-ANTANANARIVO-TANANARIVE-Terrain-de-400-m2-dans-un-lotissement-avec-belle-vue-a-Ambatomirahavavy-Antananarivo.html
"A vendre, un terrain de 3Ha55a10Ca, facile d'accès, en bord de route à Antanambao Avaratra-Antananarivo",70 000 Ar,Felana RAKOTONDRAVOAVY,(+261) 34 16 547 55,https://www.ofim.mg/56185/Vente-Terrain-ANTANANARIVO-TANANARIVE-A-vendre-un-terrain-de-3Ha55a10Ca-facile-d-acces-en-bord-de-route-a-Antanambao-Avaratra-Antananarivo.html
,0,,,
"A vendre, un terrain de 4HA, arboré avec deux bâtis en dur en bord de route à Manandriana Ifasy - Antananarivo",80 000 Ar,Felana RAKOTONDRAVOAVY,(+261) 34 16 547 55,https://www.ofim.mg/56169/Vente-Terrain-ANTANANARIVO-TANANARIVE-A-vendre-un-terrain-de-4HA-arbore-avec-deux-batis-en-dur-en-bord-de-route-a-Manandriana-Ifasy-Antananarivo.html
"Terrain 2141 m2 avec une belle vue, facile d'accès , proche Ambatobe à Antsapandrano Ilafy-Antananarivo",80 000 Ar,Felana RAKOTONDRAVOAVY,(+261) 34 16 547 55,https://www.ofim.mg/63721/Vente-Terrain-ANTANANARIVO-TANANARIVE-Terrain-2141-m2-avec-une-belle-vue-facile-d-acces-proche-Ambatobe-a-Antsapandrano-Ilafy-Antananarivo.html
Vente d'un terrain de 3200m2 à quelques mettres de la route principale à ambohidratrimo,80 000 Ar,Francia RAOLIJAONA,(+261) 34 02 218 69,https://www.ofim.mg/65218/Vente-Terrain-ANTANANARIVO-TANANARIVE-Vente-d-un-terrain-de-3200m2-a-quelques-mettres-de-la-route-principale-a-ambohidratrimo.html
"Terrain en bord de route de 1ha77a30ca, accessible semi-remorque à Ambatolampy Tsimahafotsy",80 000 Ar,Felana RAKOTONDRAVOAVY,(+261) 34 16 547 55,https://www.ofim.mg/67167/Vente-Terrain-ANTANANARIVO-TANANARIVE-Terrain-en-bord-de-route-de-1ha77a30ca-accessible-semi-remorque-a-Ambatolampy-Tsimahafotsy.html
A vendre terrain de 10 000 m2 proche de la nouvelle route de Laniera,86 720 Ar,Felana RAKOTONDRAVOAVY,(+261) 34 16 547 55,https://www.ofim.mg/50283/Vente-Terrain-ANTANANARIVO-TANANARIVE-A-vendre-terrain-de-10-000-m2-proche-de-la-nouvelle-route-de-Laniera.html
Terrain de 2 383 m2 prêt à bâtir à Antsampandrano Ilafy-Antananario,90 000 Ar,Felana RAKOTONDRAVOAVY,(+261) 34 16 547 55,https://www.ofim.mg/64513/Vente-Terrain-ANTANANARIVO-TANANARIVE-Terrain-de-2-383-m2-pret-a-batir-a-Antsampandrano-Ilafy-Antananario.html
"A vendre, beau terrain de 1458 m2 , plat, prêt à bâtir à Tsilazaina Alasora- Antananarivo",90 000 Ar,Felana RAKOTONDRAVOAVY,(+261) 34 16 547 55,https://www.ofim.mg/69622/Vente-Terrain-ANTANANARIVO-TANANARIVE-A-vendre-beau-terrain-de-1458-m2-plat-pret-a-batir-a-Tsilazaina-Alasora-Antananarivo.html
Terrain de 1HA 20 CA en bord de route en pavé à Fenoarivo Alakamisy-Antananarivo,95 000 Ar,Felana RAKOTONDRAVOAVY,(+261) 34 16 547 55,https://www.ofim.mg/66234/Vente-Terrain-ANTANANARIVO-TANANARIVE-Terrain-de-1HA-20-CA-en-bord-de-route-en-pave-a-Fenoarivo-Alakamisy-Antananarivo.html
"A vendre, plusieurs lots de terrains dans un lotissement à Antsampandrano - Ilafy",108 680 Ar,,,https://www.ofim.mg/54843/Vente-Terrain-ANTANANARIVO-TANANARIVE-A-vendre-plusieurs-lots-de-terrains-dans-un-lotissement-a-Antsampandrano-Ilafy.html
"Terrain 5220 m2, morcellable par lot de 1000 m2 sur la RN7 Ambatofotsy -Antananarivo",126 700 Ar,Felana RAKOTONDRAVOAVY,(+261) 34 16 547 55,https://www.ofim.mg/69261/Vente-Terrain-ANTANANARIVO-TANANARIVE-Terrain-5220-m2-morcellable-par-lot-de-1000-m2-sur-la-RN7-Ambatofotsy-Antananarivo.html
,0,,,
vente d'un  terrain de 13 000m2 dans un quartier résidentiel situé à moins de 15mn D'Ambatobe à Manazary Ilafy,127 000 Ar,Francia RAOLIJAONA,(+261) 34 02 218 69,https://www.ofim.mg/67134/Vente-Terrain-ANTANANARIVO-TANANARIVE-vente-d-un-terrain-de-13-000m2-dans-un-quartier-residentiel-situe-a-moins-de-15mn-D-Ambatobe-a-Manazary-Ilafy.html
"Grand terrain de 1HA 61A 18 CA, clôturé, en bord de route en pavé à Antsampandrano Ilafy- Antananarivo",135 646 Ar,Felana RAKOTONDRAVOAVY,(+261) 34 16 547 55,https://www.ofim.mg/67507/Vente-Terrain-ANTANANARIVO-TANANARIVE-Grand-terrain-de-1HA-61A-18-CA-cloture-en-bord-de-route-en-pave-a-Antsampandrano-Ilafy-Antananarivo.html
A vendre un terrain de 8 000 m2avec une belle vue à Faliarivo Ampitatafika- Antananarivo,140 000 Ar,Felana RAKOTONDRAVOAVY,(+261) 34 16 547 55,https://www.ofim.mg/67515/Vente-Terrain-ANTANANARIVO-TANANARIVE-A-vendre-un-terrain-de-8-000-m2avec-une-belle-vue-a-Faliarivo-Ampitatafika-Antananarivo.html
vente de 74 lots de terrain dans une domaine de charme sise à Vontovorona,150 000 Ar,Francia RAOLIJAONA,(+261) 34 02 218 69,https://www.ofim.mg/68503/Vente-Terrain-ANTANANARIVO-TANANARIVE-vente-de-74-lots-de-terrain-dans-une-domaine-de-charme-sise-a-Vontovorona.html
"Terrain de 2057 m2 sur 2 niveaux, entièrement clôturé à Ivato Soaviniarivo- Antananarivo",152 000 Ar,Felana RAKOTONDRAVOAVY,(+261) 34 16 547 55,https://www.ofim.mg/67828/Vente-Terrain-ANTANANARIVO-TANANARIVE-Terrain-de-2057-m2-sur-2-niveaux-entierement-cloture-a-Ivato-Soaviniarivo-Antananarivo.html
"A vendre, un terrain de 11 ha dans la zone industrielle Soavina Tanjombato - Antananarivo",157 500 Ar,Felana RAKOTONDRAVOAVY,(+261) 34 16 547 55,https://www.ofim.mg/52771/Vente-Terrain-ANTANANARIVO-TANANARIVE-A-vendre-un-terrain-de-11-ha-dans-la-zone-industrielle-Soavina-Tanjombato-Antananarivo.html
Beau terrain plat prêt à bâtir de 8000m2 avec vue sur lac à Ambohidratrimo,164 400 Ar,Francia RAOLIJAONA,(+261) 34 02 218 69,https://www.ofim.mg/67684/Vente-Terrain-ANTANANARIVO-TANANARIVE-Beau-terrain-plat-pret-a-batir-de-8000m2-avec-vue-sur-lac-a-Ambohidratrimo.html
"A vendre, un beau terrain de 1182 m2 avec magnifique vue à Ivato - Antananarivo",200 000 Ar,Felana RAKOTONDRAVOAVY,(+261) 34 16 547 55,https://www.ofim.mg/56394/Vente-Terrain-ANTANANARIVO-TANANARIVE-A-vendre-un-beau-terrain-de-1182-m2-avec-magnifique-vue-a-Ivato-Antananarivo.html
A vendre terrain de 700 M2 à Andranomena Ambohimanarina,220 000 Ar,Lova RANDRIAMAMPIANINA,(+261) 34 02 443 01,https://www.ofim.mg/52805/Vente-Terrain-ANTANANARIVO-TANANARIVE-A-vendre-terrain-de-700-M2-a-Andranomena-Ambohimanarina.html
"A vendre, un beau terrain de 1930 m2 dans le quartier résidentiel d'Andohanimandroseza",224 664 Ar,,,https://www.ofim.mg/54257/Vente-Terrain-ANTANANARIVO-TANANARIVE-A-vendre-un-beau-terrain-de-1930-m2-dans-le-quartier-residentiel-d-Andohanimandroseza.html
,0,,,
"Beau terrain de 900 m2 avec une vue dégagée, quartier résidentiel à Tsiadana-Antananarivo",227 000 Ar,Felana RAKOTONDRAVOAVY,(+261) 34 16 547 55,https://www.ofim.mg/68133/Vente-Terrain-ANTANANARIVO-TANANARIVE-Beau-terrain-de-900-m2-avec-une-vue-degagee-quartier-residentiel-a-Tsiadana-Antananarivo.html
"Terrain de 1 580 m2 , entièrement clôturé à Alarosa-Antananarivo",300 000 Ar,Felana RAKOTONDRAVOAVY,(+261) 34 16 547 55,https://www.ofim.mg/63143/Vente-Terrain-ANTANANARIVO-TANANARIVE-Terrain-de-1-580-m2-entierement-cloture-a-Alarosa-Antananarivo.html
En vente un terrain de 1073m2 légèrement en pente sur Ambolonkandrina,300 000 Ar,Jacky RASOLOARIVONY,(+261) 34 02 443 04,https://www.ofim.mg/69132/Vente-Terrain-ANTANANARIVO-TANANARIVE-En-vente-un-terrain-de-1073m2-legerement-en-pente-sur-Ambolonkandrina.html
"VENTE DE TERRAIN, clôturé de 1044m2 dans le quartier très prisé d'AMBOHIJANAKA",305 000 Ar,Lova RANDRIAMAMPIANINA,(+261) 34 02 443 01,https://www.ofim.mg/61899/Vente-Terrain-ANTANANARIVO-TANANARIVE-VENTE-DE-TERRAIN-cloture-de-1044m2-dans-le-quartier-tres-prise-d-AMBOHIJANAKA.html
A vendre grand terrain de 3000 m2 à Ivato dans un quartier residentiel,350 000 Ar,Felana RAKOTONDRAVOAVY,(+261) 34 16 547 55,https://www.ofim.mg/55640/Vente-Terrain-ANTANANARIVO-TANANARIVE-A-vendre-grand-terrain-de-3000-m2-a-Ivato-dans-un-quartier-residentiel.html
Terrain de 1473 m2 au bord de la RN4 sis à Talatamaty- Antananarivo,350 000 Ar,Felana RAKOTONDRAVOAVY,(+261) 34 16 547 55,https://www.ofim.mg/69339/Vente-Terrain-ANTANANARIVO-TANANARIVE-Terrain-de-1473-m2-au-bord-de-la-RN4-sis-a-Talatamaty-Antananarivo.html
"A vendre beau terrain de 22 000 m2 accessible semi-remorque, entièrement clôturé, prêt à bâtir à Ivato- Antananarivo",371 000 Ar,Felana RAKOTONDRAVOAVY,(+261) 34 16 547 55,https://www.ofim.mg/39081/Vente-Terrain-ANTANANARIVO-TANANARIVE-A-vendre-beau-terrain-de-22-000-m2-accessible-semi-remorque-entierement-cloture-pret-a-batir-a-Ivato-Antananarivo.html
"Beau terrain de 1000 m2 plat, prêt à bâtir sur Ambatomaro-Antananarivo",375 000 Ar,Felana RAKOTONDRAVOAVY,(+261) 34 16 547 55,https://www.ofim.mg/69337/Vente-Terrain-ANTANANARIVO-TANANARIVE-Beau-terrain-de-1000-m2-plat-pret-a-batir-sur-Ambatomaro-Antananarivo.html
Terrain de 2 200 m2 avec une une belle vue sis à Masinandrina Ambatobe- Antananarivo,440 000 Ar,Felana RAKOTONDRAVOAVY,(+261) 34 16 547 55,https://www.ofim.mg/65591/Vente-Terrain-ANTANANARIVO-TANANARIVE-Terrain-de-2-200-m2-avec-une-une-belle-vue-sis-a-Masinandrina-Ambatobe-Antananarivo.html
Vente d'un terrain de 1400m2 avec belle vue à fort voyron,477 000 Ar,Francia RAOLIJAONA,(+261) 34 02 218 69,https://www.ofim.mg/64929/Vente-Terrain-ANTANANARIVO-TANANARIVE-Vente-d-un-terrain-de-1400m2-avec-belle-vue-a-fort-voyron.html
,0,,,
EXCPETIONNEL à 10 mn du centre ville terrain de 80 000 m2,500 000 Ar,Felana RAKOTONDRAVOAVY,(+261) 34 16 547 55,https://www.ofim.mg/64844/Vente-Terrain-ANTANANARIVO-TANANARIVE-EXCPETIONNEL-a-10-mn-du-centre-ville-terrain-de-80-000-m2.html
Terrain de 630 m2 avec un magnifique vue à 10 min d'Ambatobe- Antananarivo,585 360 Ar,Felana RAKOTONDRAVOAVY,(+261) 34 16 547 55,https://www.ofim.mg/67315/Vente-Terrain-ANTANANARIVO-TANANARIVE-Terrain-de-630-m2-avec-un-magnifique-vue-a-10-min-d-Ambatobe-Antananarivo.html
Beau terrain de 2 200 m2 avec une vue imprenable sur la Tanà à Fort Voyron- Atananarivo,650 000 Ar,Felana RAKOTONDRAVOAVY,(+261) 34 16 547 55,https://www.ofim.mg/68550/Vente-Terrain-ANTANANARIVO-TANANARIVE-Beau-terrain-de-2-200-m2-avec-une-vue-imprenable-sur-la-Tana-a-Fort-Voyron-Atananarivo.html
Vente de 22 lots de terrains dans un lotissement à Ambohitrarahaba,1 044 120 Ar,Lalaina RATSIMBAZAFY,(+261) 34 08 583 76,https://www.ofim.mg/69082/Vente-Terrain-ANTANANARIVO-TANANARIVE-Vente-de-22-lots-de-terrains-dans-un-lotissement-a-Ambohitrarahaba.html
24 Parcelles viabilisées dans une belle résidence à 5 min d'Androhibe - Antananarivo,1 047 200 Ar,Felana RAKOTONDRAVOAVY,(+261) 34 16 547 55,https://www.ofim.mg/69145/Vente-Terrain-ANTANANARIVO-TANANARIVE-24-Parcelles-viabilisees-dans-une-belle-residence-a-5-min-d-Androhibe-Antananarivo.html
"22  parcelles de terrain disponibles dans un vaste domaine déjà équipé en infrastructures d'eau et d'électricité à Ambohitrarahaba.""",1 050 000 Ar,Francia RAOLIJAONA,(+261) 34 02 218 69,https://www.ofim.mg/69085/Vente-Terrain-ANTANANARIVO-TANANARIVE-22-parcelles-de-terrain-disponibles-dans-un-vaste-domaine-deja-equipe-en-infrastructures-d-eau-et-d-electricite-a-Ambohitrarahaba.html
"Occasion rare terrain à vendre 574m2 sur Ivandry à deux pas de l'école française Claire Fontaine, accessible",1 500 000 Ar,Jacky RASOLOARIVONY,(+261) 34 02 443 04,https://www.ofim.mg/69186/Vente-Terrain-ANTANANARIVO-TANANARIVE-Occasion-rare-terrain-a-vendre-574m2-sur-Ivandry-a-deux-pas-de-l-ecole-francaise-Claire-Fontaine-accessible.html
"Terrain de 400 m2, plat prêt à bâtir au prix de  22 000 000 Ar seulement à Ambatomirahavavy- Antananarivo",22 000 000 Ar,Felana RAKOTONDRAVOAVY,(+261) 34 16 547 55,https://www.ofim.mg/68308/Vente-Terrain-ANTANANARIVO-TANANARIVE-Terrain-de-400-m2-plat-pret-a-batir-au-prix-de-22-000-000-Ar-seulement-a-Ambatomirahavavy-Antananarivo.html
Terrain de 1450m2 à 2 KM de la RN1 à Alakamisy fenoarivo,24 000 000 Ar,Francia RAOLIJAONA,(+261) 34 02 218 69,https://www.ofim.mg/65684/Vente-Terrain-ANTANANARIVO-TANANARIVE-Terrain-de-1450m2-a-2-KM-de-la-RN1-a-Alakamisy-fenoarivo.html
En vente un terrain d' environ 1 350m2 à Imeritsiatosika,29 700 000 Ar,Lalaina RATSIMBAZAFY,(+261) 34 08 583 76,https://www.ofim.mg/68922/Vente-Terrain-ANTANANARIVO-TANANARIVE-En-vente-un-terrain-d-environ-1-350m2-a-Imeritsiatosika.html
,0,,,
Beau terrain de 552 m2 dans un lotissement à Ambatomirahavavy- Antananarivo,30 360 000 Ar,Felana RAKOTONDRAVOAVY,(+261) 34 16 547 55,https://www.ofim.mg/68310/Vente-Terrain-ANTANANARIVO-TANANARIVE-Beau-terrain-de-552-m2-dans-un-lotissement-a-Ambatomirahavavy-Antananarivo.html
02 terrains de 554m2 et 1050m2 à 200m de la  cure Vontovorona,31 024 000 Ar,Francia RAOLIJAONA,(+261) 34 02 218 69,https://www.ofim.mg/65688/Vente-Terrain-ANTANANARIVO-TANANARIVE-02-terrains-de-554m2-et-1050m2-a-200m-de-la-cure-Vontovorona.html
A vendre un terrain de 345 m2 dans un lotissment à Ilafy Antsampandrano,37 494 600 Ar,,,https://www.ofim.mg/54844/Vente-Terrain-ANTANANARIVO-TANANARIVE-A-vendre-un-terrain-de-345-m2-dans-un-lotissment-a-Ilafy-Antsampandrano.html
Terrain de 304 m2 en bord de route principale à Antsampandrano Ilafy- Antananarivo,43 600 000 Ar,Felana RAKOTONDRAVOAVY,(+261) 34 16 547 55,https://www.ofim.mg/67505/Vente-Terrain-ANTANANARIVO-TANANARIVE-Terrain-de-304-m2-en-bord-de-route-principale-a-Antsampandrano-Ilafy-Antananarivo.html
"Beau terrain de 800 m2, plat prêt à bâtir sur Ampitatafika- Antananarivo",60 000 000 Ar,Felana RAKOTONDRAVOAVY,(+261) 34 16 547 55,https://www.ofim.mg/65388/Vente-Terrain-ANTANANARIVO-TANANARIVE-Beau-terrain-de-800-m2-plat-pret-a-batir-sur-Ampitatafika-Antananarivo.html
"Terrain plat, prêt à bâtir de 503 m2 dans un lotissement à Beravina- Ilafy",75 450 000 Ar,Felana RAKOTONDRAVOAVY,(+261) 34 16 547 55,https://www.ofim.mg/68547/Vente-Terrain-ANTANANARIVO-TANANARIVE-Terrain-plat-pret-a-batir-de-503-m2-dans-un-lotissement-a-Beravina-Ilafy.html
"Terrain 428 m2 plat , prêt à bâtir à Ambohitrimanjaka Pagode Antananarivo",76 160 000 Ar,Felana RAKOTONDRAVOAVY,(+261) 34 16 547 55,https://www.ofim.mg/69076/Vente-Terrain-ANTANANARIVO-TANANARIVE-Terrain-428-m2-plat-pret-a-batir-a-Ambohitrimanjaka-Pagode-Antananarivo.html
OFIM Immobilier offre en vente un terrain plat de 500m2 prêt à bâtir sur Manazary Ilafy à 15min d'Ambatobe. Accessible voiture et prêt à bâtir. Facilité de paiement possible.,84 000 000 Ar,Perelle LOCK CHIOU,(+261) 34 98 671 11,https://www.ofim.mg/69336/Vente-Terrain-ANTANANARIVO-TANANARIVE-OFIM-Immobilier-offre-en-vente-un-terrain-plat-de-500m2-pret-a-batir-sur-Manazary-Ilafy-a-15min-d-Ambatobe-Accessible-voiture-et-pret-a-batir-Facilite-de-paiement-possible.html
Terrain de 384 m2 dans un lotissement résidentiel à Rangaina Ilafy,89 600 000 Ar,Felana RAKOTONDRAVOAVY,(+261) 34 16 547 55,https://www.ofim.mg/67102/Vente-Terrain-ANTANANARIVO-TANANARIVE-Terrain-de-384-m2-dans-un-lotissement-residentiel-a-Rangaina-Ilafy.html
Terrain en bord de route avec une belle vue sis à Ambohimalaza- Antananarivo,90 000 000 Ar,Felana RAKOTONDRAVOAVY,(+261) 34 16 547 55,https://www.ofim.mg/66880/Vente-Terrain-ANTANANARIVO-TANANARIVE-Terrain-en-bord-de-route-avec-une-belle-vue-sis-a-Ambohimalaza-Antananarivo.html
,0,,,
Beau terrain de 1000 m2 dans un lotissement clôturé à Ambohimanga- Antananarivo,96 000 000 Ar,Felana RAKOTONDRAVOAVY,(+261) 34 16 547 55,https://www.ofim.mg/65242/Vente-Terrain-ANTANANARIVO-TANANARIVE-Beau-terrain-de-1000-m2-dans-un-lotissement-cloture-a-Ambohimanga-Antananarivo.html
Terrain 750 m2 en bord de route à Antsampandrano Ilafy- Antananarivo,107 520 000 Ar,Felana RAKOTONDRAVOAVY,(+261) 34 16 547 55,https://www.ofim.mg/67499/Vente-Terrain-ANTANANARIVO-TANANARIVE-Terrain-750-m2-en-bord-de-route-a-Antsampandrano-Ilafy-Antananarivo.html
A vendre terrain de 500 m2 à manazary ilafy à 5 minutes du lycée francais,110 000 000 Ar,Felana RAKOTONDRAVOAVY,(+261) 34 16 547 55,https://www.ofim.mg/50924/Vente-Terrain-ANTANANARIVO-TANANARIVE-A-vendre-terrain-de-500-m2-a-manazary-ilafy-a-5-minutes-du-lycee-francais.html
A vendre plusieurs lots de terrains de 500 m2 aménagé  à 10 minutes du lycée francais,110 000 000 Ar,Lova RANDRIAMAMPIANINA,(+261) 34 02 443 01,https://www.ofim.mg/57023/Vente-Terrain-ANTANANARIVO-TANANARIVE-A-vendre-plusieurs-lots-de-terrains-de-500-m2-amenage-a-10-minutes-du-lycee-francais.html
Terrain a vendre 2517 m2 sis Manarintsoa Vontovorona pres Complexe Sportif Cnaps,115 000 000 Ar,Felana RAKOTONDRAVOAVY,(+261) 34 16 547 55,https://www.ofim.mg/51837/Vente-Terrain-ANTANANARIVO-TANANARIVE-Terrain-a-vendre-2517-m2-sis-Manarintsoa-Vontovorona-pres-Complexe-Sportif-Cnaps.html
Vente d'un terrain de 1182m2 situé à 10mn de soavina à Bevalala,118 200 000 Ar,Francia RAOLIJAONA,(+261) 34 02 218 69,https://www.ofim.mg/65488/Vente-Terrain-ANTANANARIVO-TANANARIVE-Vente-d-un-terrain-de-1182m2-situe-a-10mn-de-soavina-a-Bevalala.html
Beau terrain de 727 m2 dans un lotissement résidentiel à Antsampandrano Ilafy- Antananarivo,124 000 000 Ar,Felana RAKOTONDRAVOAVY,(+261) 34 16 547 55,https://www.ofim.mg/67461/Vente-Terrain-ANTANANARIVO-TANANARIVE-Beau-terrain-de-727-m2-dans-un-lotissement-residentiel-a-Antsampandrano-Ilafy-Antananarivo.html
Vente d'un terrain de 1200m2 à Rangaina Ilafy,132 000 000 Ar,Francia RAOLIJAONA,(+261) 34 02 218 69,https://www.ofim.mg/67486/Vente-Terrain-ANTANANARIVO-TANANARIVE-Vente-d-un-terrain-de-1200m2-a-Rangaina-Ilafy.html
Lot de 77 parcelles dans une résidence sécurisée à Ambihijanaka- Antananarivo,140 000 000 Ar,Felana RAKOTONDRAVOAVY,(+261) 34 16 547 55,https://www.ofim.mg/65460/Vente-Terrain-ANTANANARIVO-TANANARIVE-Lot-de-77-parcelles-dans-une-residence-securisee-a-Ambihijanaka-Antananarivo.html
Beau terrain de 634 m2 entièrement clôturé et viabilisé à Manjaka Ilafy- Antananarivo,145 000 000 Ar,Felana RAKOTONDRAVOAVY,(+261) 34 16 547 55,https://www.ofim.mg/63614/Vente-Terrain-ANTANANARIVO-TANANARIVE-Beau-terrain-de-634-m2-entierement-cloture-et-viabilise-a-Manjaka-Ilafy-Antananarivo.html
,0,,,
Lot de 77 parcelles de terrains dans une résidence sécurisée à Ambohijanaka- Antananarivo,145 000 000 Ar,Felana RAKOTONDRAVOAVY,(+261) 34 16 547 55,https://www.ofim.mg/65561/Vente-Terrain-ANTANANARIVO-TANANARIVE-Lot-de-77-parcelles-de-terrains-dans-une-residence-securisee-a-Ambohijanaka-Antananarivo.html
Lot de 77 parcelles de terrains dans une résidence sécurisé à Ambohijanaka- Antananarivo,150 000 000 Ar,Felana RAKOTONDRAVOAVY,(+261) 34 16 547 55,https://www.ofim.mg/65461/Vente-Terrain-ANTANANARIVO-TANANARIVE-Lot-de-77-parcelles-de-terrains-dans-une-residence-securise-a-Ambohijanaka-Antananarivo.html
a vendre beau terrain de 1680Mé sur la RN3,158 222 600 Ar,Lova RANDRIAMAMPIANINA,(+261) 34 02 443 01,https://www.ofim.mg/65324/Vente-Terrain-ANTANANARIVO-TANANARIVE-a-vendre-beau-terrain-de-1680Me-sur-la-RN3.html
A vendre terrain de 4160 m2 à Tsimahandry - Ambohidratrimo,161 325 000 Ar,,,https://www.ofim.mg/60434/Vente-Terrain-ANTANANARIVO-TANANARIVE-A-vendre-terrain-de-4160-m2-a-Tsimahandry-Ambohidratrimo.html
"Terrain plat, prêt à bâtir de 680 m2, accessible voiture à Itasoy- Antananarivo",170 000 000 Ar,Felana RAKOTONDRAVOAVY,(+261) 34 16 547 55,https://www.ofim.mg/68214/Vente-Terrain-ANTANANARIVO-TANANARIVE-Terrain-plat-pret-a-batir-de-680-m2-accessible-voiture-a-Itasoy-Antananarivo.html
A vendre un magnifique terrain de 1 ha pour résidence secondaire à belanitra ivato,173 000 000 Ar,Lova RANDRIAMAMPIANINA,(+261) 34 02 443 01,https://www.ofim.mg/46869/Vente-Terrain-ANTANANARIVO-TANANARIVE-A-vendre-un-magnifique-terrain-de-1-ha-pour-residence-secondaire-a-belanitra-ivato.html
"Terrain de 1240 m2, en bord de route en pavé, à Ilafy Antsampandrano-Antananarivo",175 872 000 Ar,Felana RAKOTONDRAVOAVY,(+261) 34 16 547 55,https://www.ofim.mg/67500/Vente-Terrain-ANTANANARIVO-TANANARIVE-Terrain-de-1240-m2-en-bord-de-route-en-pave-a-Ilafy-Antsampandrano-Antananarivo.html
vente d'un terrain de 1640m2 à Iavoloha Bonngatsra,184 500 000 Ar,Francia RAOLIJAONA,(+261) 34 02 218 69,https://www.ofim.mg/66903/Vente-Terrain-ANTANANARIVO-TANANARIVE-vente-d-un-terrain-de-1640m2-a-Iavoloha-Bonngatsra.html
Vente d'une propriété de 2843m2 à Lazaina Ambohidahy,199 010 000 Ar,Francia RAOLIJAONA,(+261) 34 02 218 69,https://www.ofim.mg/65243/Vente-Terrain-ANTANANARIVO-TANANARIVE-Vente-d-une-propriete-de-2843m2-a-Lazaina-Ambohidahy.html
à vendre terrain de 2075M2 à ambatomena Ahi/trimo,207 500 000 Ar,Lova RANDRIAMAMPIANINA,(+261) 34 02 443 01,https://www.ofim.mg/67132/Vente-Terrain-ANTANANARIVO-TANANARIVE-a-vendre-terrain-de-2075M2-a-ambatomena-Ahi-trimo.html
,0,,,
Tres beau terrain de 4236 m2 à Ambohijanaka Amboanjobe,210 000 000 Ar,Francia RAOLIJAONA,(+261) 34 02 218 69,https://www.ofim.mg/61627/Vente-Terrain-ANTANANARIVO-TANANARIVE-Tres-beau-terrain-de-4236-m2-a-Ambohijanaka-Amboanjobe.html
Un beau terrain de 2930m2 avec vue sur lac à Vontovorona Antananarivo,229 712 000 Ar,Francia RAOLIJAONA,(+261) 34 02 218 69,https://www.ofim.mg/66735/Vente-Terrain-ANTANANARIVO-TANANARIVE-Un-beau-terrain-de-2930m2-avec-vue-sur-lac-a-Vontovorona-Antananarivo.html
a vendre terrain de 3900M2 andakana ambohidratrimo,234 000 000 Ar,Lova RANDRIAMAMPIANINA,(+261) 34 02 443 01,https://www.ofim.mg/66816/Vente-Terrain-ANTANANARIVO-TANANARIVE-a-vendre-terrain-de-3900M2-andakana-ambohidratrimo.html
un beau terrain de 6280m2 avec vue imprenable sur le Rova à Ankadiefajoro,241 246 040 Ar,Francia RAOLIJAONA,(+261) 34 02 218 69,https://www.ofim.mg/67660/Vente-Terrain-ANTANANARIVO-TANANARIVE-un-beau-terrain-de-6280m2-avec-vue-imprenable-sur-le-Rova-a-Ankadiefajoro.html
terrain de 3.975 m2 dans un quartier résidentiel près du Rova d'ilafy,250 000 000 Ar,Francia RAOLIJAONA,(+261) 34 02 218 69,https://www.ofim.mg/62303/Vente-Terrain-ANTANANARIVO-TANANARIVE-terrain-de-3-975-m2-dans-un-quartier-residentiel-pres-du-Rova-d-ilafy.html
Terrain 879 m2 - Clôturé - Ambatobe Masinandriana,250 000 000 Ar,Francia RAOLIJAONA,(+261) 34 02 218 69,https://www.ofim.mg/64285/Vente-Terrain-ANTANANARIVO-TANANARIVE-Terrain-879-m2-Cloture-Ambatobe-Masinandriana.html
"Beau terrain de 480 m2, avec une magnifique vue à 10 min d'Ambatobe sur Ambohibe Ilafy",257 000 000 Ar,Felana RAKOTONDRAVOAVY,(+261) 34 16 547 55,https://www.ofim.mg/69087/Vente-Terrain-ANTANANARIVO-TANANARIVE-Beau-terrain-de-480-m2-avec-une-magnifique-vue-a-10-min-d-Ambatobe-sur-Ambohibe-Ilafy.html
vente d'un terrain entièrement clôturé d'une superficie de 588m2 en bord de la route principale,257 310 000 Ar,Francia RAOLIJAONA,(+261) 34 02 218 69,https://www.ofim.mg/69562/Vente-Terrain-ANTANANARIVO-TANANARIVE-vente-d-un-terrain-entierement-cloture-d-une-superficie-de-588m2-en-bord-de-la-route-principale.html
Terrain de 453 m2 avec vue imprenable sur Ambohidratrimo,270 000 000 Ar,Felana RAKOTONDRAVOAVY,(+261) 34 16 547 55,https://www.ofim.mg/69077/Vente-Terrain-ANTANANARIVO-TANANARIVE-Terrain-de-453-m2-avec-vue-imprenable-sur-Ambohidratrimo.html
"Terrain plat, prêt à bâtir, clôturé, de 1213 m2 à Amborompotsy Talatamaty- Antananarivo",289 000 000 Ar,Felana RAKOTONDRAVOAVY,(+261) 34 16 547 55,https://www.ofim.mg/68192/Vente-Terrain-ANTANANARIVO-TANANARIVE-Terrain-plat-pret-a-batir-cloture-de-1213-m2-a-Amborompotsy-Talatamaty-Antananarivo.html
,0,,,
"A vendre,  terrain de 2100 M2 , belle vue, facile d'accès, exposé Ouest à Manazary- Ilafy - Antananarivo",294 000 000 Ar,Felana RAKOTONDRAVOAVY,(+261) 34 16 547 55,https://www.ofim.mg/65213/Vente-Terrain-ANTANANARIVO-TANANARIVE-A-vendre-terrain-de-2100-M2-belle-vue-facile-d-acces-expose-Ouest-a-Manazary-Ilafy-Antananarivo.html
terrain prêt à bâtir - 3ha500 - Alakamisy Ambohidratrimo,300 000 000 Ar,Francia RAOLIJAONA,(+261) 34 02 218 69,https://www.ofim.mg/64209/Vente-Terrain-ANTANANARIVO-TANANARIVE-terrain-pret-a-batir-3ha500-Alakamisy-Ambohidratrimo.html
"Terrain de 616m2 en vente par OFIM Immobilier sur la route de la Francophonie, entre la Digue et Ankazomanga",308 000 000 Ar,Perelle LOCK CHIOU,(+261) 34 98 671 11,https://www.ofim.mg/69631/Vente-Terrain-ANTANANARIVO-TANANARIVE-Terrain-de-616m2-en-vente-par-OFIM-Immobilier-sur-la-route-de-la-Francophonie-entre-la-Digue-et-Ankazomanga.html
Vente beau  terrain de 800M2 clôturé avec piscine à ivato,315 000 000 Ar,Lova RANDRIAMAMPIANINA,(+261) 34 02 443 01,https://www.ofim.mg/67855/Vente-Terrain-ANTANANARIVO-TANANARIVE-Vente-beau-terrain-de-800M2-cloture-avec-piscine-a-ivato.html
Prix en baisse!!Beau terrain de 1 468 m2 entièrement clôturé à Talatamaty- Antananarivo,323 000 000 Ar,Felana RAKOTONDRAVOAVY,(+261) 34 16 547 55,https://www.ofim.mg/67596/Vente-Terrain-ANTANANARIVO-TANANARIVE-Prix-en-baisse-Beau-terrain-de-1-468-m2-entierement-cloture-a-Talatamaty-Antananarivo.html
Terrain de 680 m2 sur le By pass - Antananarivo,328 800 000 Ar,Felana RAKOTONDRAVOAVY,(+261) 34 16 547 55,https://www.ofim.mg/66489/Vente-Terrain-ANTANANARIVO-TANANARIVE-Terrain-de-680-m2-sur-le-By-pass-Antananarivo.html
"Terrain de 500 m2, plat prêt à bâtir, eau et électricité sur place à Fiadanana Fort Voyron- Atananarivo",350 000 000 Ar,Felana RAKOTONDRAVOAVY,(+261) 34 16 547 55,https://www.ofim.mg/66232/Vente-Terrain-ANTANANARIVO-TANANARIVE-Terrain-de-500-m2-plat-pret-a-batir-eau-et-electricite-sur-place-a-Fiadanana-Fort-Voyron-Atananarivo.html
"Terrain 2 110 m2, plat, prêt à bâtir à Anjomakely Ivato- Antananarivo",378 000 000 Ar,Felana RAKOTONDRAVOAVY,(+261) 34 16 547 55,https://www.ofim.mg/67827/Vente-Terrain-ANTANANARIVO-TANANARIVE-Terrain-2-110-m2-plat-pret-a-batir-a-Anjomakely-Ivato-Antananarivo.html
vente d'un terrain de 1400m2 àn Fort Voyron,379 400 000 Ar,Francia RAOLIJAONA,(+261) 34 02 218 69,https://www.ofim.mg/68493/Vente-Terrain-ANTANANARIVO-TANANARIVE-vente-d-un-terrain-de-1400m2-an-Fort-Voyron.html
"A vendre beau terrain très bien placé et viabilisé , clôturé de 1551 m2 à talatamaty",394 560 000 Ar,Felana RAKOTONDRAVOAVY,(+261) 34 16 547 55,https://www.ofim.mg/59943/Vente-Terrain-ANTANANARIVO-TANANARIVE-A-vendre-beau-terrain-tres-bien-place-et-viabilise-cloture-de-1551-m2-a-talatamaty.html
,0,,,
"A vendre, un terrain de 1Ha87 en bord de route principale à Moratsiazo Vontovorona",397 410 000 Ar,,,https://www.ofim.mg/54881/Vente-Terrain-ANTANANARIVO-TANANARIVE-A-vendre-un-terrain-de-1Ha87-en-bord-de-route-principale-a-Moratsiazo-Vontovorona.html
Investisseur a vendre terrain de 7 ha Moramanga proche centre ville,400 000 000 Ar,Felana RAKOTONDRAVOAVY,(+261) 34 16 547 55,https://www.ofim.mg/59002/Vente-Terrain-ANTANANARIVO-TANANARIVE-Investisseur-a-vendre-terrain-de-7-ha-Moramanga-proche-centre-ville.html
OFIM Immobilier met en vente quelques terrains dans une belle lotissement prête à bâtir sur Androhibe Ambohitraraba à seulement 10min d'Ivandry. Facilité de paiement ouverte sans interêt.,413 644 000 Ar,Perelle LOCK CHIOU,(+261) 34 98 671 11,https://www.ofim.mg/69083/Vente-Terrain-ANTANANARIVO-TANANARIVE-OFIM-Immobilier-met-en-vente-quelques-terrains-dans-une-belle-lotissement-prete-a-batir-sur-Androhibe-Ambohitraraba-a-seulement-10min-d-Ivandry-Facilite-de-paiement-ouverte-sans-interet.html
"Beau terrain de 1 338 m2, plat, prêt à bâtir, clôturé à Ifarihy By pass- Antanarivo",436 000 000 Ar,Felana RAKOTONDRAVOAVY,(+261) 34 16 547 55,https://www.ofim.mg/68622/Vente-Terrain-ANTANANARIVO-TANANARIVE-Beau-terrain-de-1-338-m2-plat-pret-a-batir-cloture-a-Ifarihy-By-pass-Antanarivo.html
A VENDRE TERRAIN DE 1600 M2  à Ambohijanahary Ambohibao,490 000 000 Ar,Lova RANDRIAMAMPIANINA,(+261) 34 02 443 01,https://www.ofim.mg/52564/Vente-Terrain-ANTANANARIVO-TANANARIVE-A-VENDRE-TERRAIN-DE-1600-M2-a-Ambohijanahary-Ambohibao.html
Beau terrain de 1 600 M2 avec vue sur le lac d'Ivato à Ambatolampy Tsimahafotsy- Antananarivo,490 000 000 Ar,Felana RAKOTONDRAVOAVY,(+261) 34 16 547 55,https://www.ofim.mg/67878/Vente-Terrain-ANTANANARIVO-TANANARIVE-Beau-terrain-de-1-600-M2-avec-vue-sur-le-lac-d-Ivato-a-Ambatolampy-Tsimahafotsy-Antananarivo.html
A vendre beau terrain clôture de 4414M2 anosiala,507 610 000 Ar,Lova RANDRIAMAMPIANINA,(+261) 34 02 443 01,https://www.ofim.mg/68594/Vente-Terrain-ANTANANARIVO-TANANARIVE-A-vendre-beau-terrain-cloture-de-4414M2-anosiala.html
un terrain de 5325m2 en bord de route principale sur la digue,513 756 000 Ar,Francia RAOLIJAONA,(+261) 34 02 218 69,https://www.ofim.mg/68582/Vente-Terrain-ANTANANARIVO-TANANARIVE-un-terrain-de-5325m2-en-bord-de-route-principale-sur-la-digue.html
"Terrain a de 1100 m2 plat, clôturé, électricité Jirma sis à Ambolokandrina- Antananarivo",517 000 000 Ar,Felana RAKOTONDRAVOAVY,(+261) 34 16 547 55,https://www.ofim.mg/68289/Vente-Terrain-ANTANANARIVO-TANANARIVE-Terrain-a-de-1100-m2-plat-cloture-electricite-Jirma-sis-a-Ambolokandrina-Antananarivo.html
A vendre terrain de 1000 m2 clôturé près du Lycée Francais Ambatobé et Leader Price,550 000 000 Ar,Felana RAKOTONDRAVOAVY,(+261) 34 16 547 55,https://www.ofim.mg/54350/Vente-Terrain-ANTANANARIVO-TANANARIVE-A-vendre-terrain-de-1000-m2-cloture-pres-du-Lycee-Francais-Ambatobe-et-Leader-Price.html
,0,,,
Terrain de 8 841 m2 entièrement clôturé en bord de la RN3 à Ambohitrabiby- Antananarivo,596 200 000 Ar,Felana RAKOTONDRAVOAVY,(+261) 34 16 547 55,https://www.ofim.mg/66095/Vente-Terrain-ANTANANARIVO-TANANARIVE-Terrain-de-8-841-m2-entierement-cloture-en-bord-de-la-RN3-a-Ambohitrabiby-Antananarivo.html
"A vendre, un grand terrain de 2HA 45 A 63CA à Betsizaraina Ambatomandeha - Antananarivo",600 000 000 Ar,Felana RAKOTONDRAVOAVY,(+261) 34 16 547 55,https://www.ofim.mg/65214/Vente-Terrain-ANTANANARIVO-TANANARIVE-A-vendre-un-grand-terrain-de-2HA-45-A-63CA-a-Betsizaraina-Ambatomandeha-Antananarivo.html
vente d'un terrain de 1264m2 en bord de la route by pass,643 200 000 Ar,Francia RAOLIJAONA,(+261) 34 02 218 69,https://www.ofim.mg/66546/Vente-Terrain-ANTANANARIVO-TANANARIVE-vente-d-un-terrain-de-1264m2-en-bord-de-la-route-by-pass.html
RARE À vendre  Magnifique terrain de 2593 m² avec 25 mètres de façade en bordure de la R N 4,674 180 000 Ar,Lova RANDRIAMAMPIANINA,(+261) 34 02 443 01,https://www.ofim.mg/67546/Vente-Terrain-ANTANANARIVO-TANANARIVE-RARE-a-vendre-Magnifique-terrain-de-2593-m-avec-25-metres-de-facade-en-bordure-de-la-R-N-4.html
Domaine de 1HA 70 A 50 CA avec vue sur lac à Mantasoa,698 408 000 Ar,Felana RAKOTONDRAVOAVY,(+261) 34 16 547 55,https://www.ofim.mg/63245/Vente-Terrain-ANTANANARIVO-TANANARIVE-Domaine-de-1HA-70-A-50-CA-avec-vue-sur-lac-a-Mantasoa.html
a vendre beau terrain de 2000 M2 morcelable à ivato,710 000 000 Ar,Lova RANDRIAMAMPIANINA,(+261) 34 02 443 01,https://www.ofim.mg/66555/Vente-Terrain-ANTANANARIVO-TANANARIVE-a-vendre-beau-terrain-de-2000-M2-morcelable-a-ivato.html
TERRAIN DE 17080 M2 A VENDRE SABOTSY NAMEHANA PRES ESPACE IMAHO,735 000 000 Ar,Francia RAOLIJAONA,(+261) 34 02 218 69,https://www.ofim.mg/65605/Vente-Terrain-ANTANANARIVO-TANANARIVE-TERRAIN-DE-17080-M2-A-VENDRE-SABOTSY-NAMEHANA-PRES-ESPACE-IMAHO.html
"Terrain de 1243 m2, avec un entrepôt au sous sol de 200 m2 dans le quartier d'Ambolokandrina- Antananarivo",750 000 000 Ar,Felana RAKOTONDRAVOAVY,(+261) 34 16 547 55,https://www.ofim.mg/68291/Vente-Terrain-ANTANANARIVO-TANANARIVE-Terrain-de-1243-m2-avec-un-entrepot-au-sous-sol-de-200-m2-dans-le-quartier-d-Ambolokandrina-Antananarivo.html
Affaire rentable à saisir: terrain de 25 Ha à vendre à Ankazobe,800 000 000 Ar,Felana RAKOTONDRAVOAVY,(+261) 34 16 547 55,https://www.ofim.mg/43878/Vente-Terrain-ANTANANARIVO-TANANARIVE-Affaire-rentable-a-saisir-terrain-de-25-Ha-a-vendre-a-Ankazobe.html
A vendre beau terrain entièrement clôturé de 2 000m2 en bord de route avec vue dégagée à Ambohibao,804 800 000 Ar,Francia RAOLIJAONA,(+261) 34 02 218 69,https://www.ofim.mg/60224/Vente-Terrain-ANTANANARIVO-TANANARIVE-A-vendre-beau-terrain-entierement-cloture-de-2-000m2-en-bord-de-route-avec-vue-degagee-a-Ambohibao.html
,0,,,
vente d'un beau terrain de 3 720m2 sur by pass Alasora,857 600 000 Ar,Francia RAOLIJAONA,(+261) 34 02 218 69,https://www.ofim.mg/66547/Vente-Terrain-ANTANANARIVO-TANANARIVE-vente-d-un-beau-terrain-de-3-720m2-sur-by-pass-Alasora.html
Une grande propriété de 2 920 M2 à Bongatsara Amboanjobe- Antananarivo,860 000 000 Ar,Felana RAKOTONDRAVOAVY,(+261) 34 16 547 55,https://www.ofim.mg/67968/Vente-Terrain-ANTANANARIVO-TANANARIVE-Une-grande-propriete-de-2-920-M2-a-Bongatsara-Amboanjobe-Antananarivo.html
A VENDRE Opportunité Exceptionnelle: Lotissement de 24 Parcelles à Androhibe Ambohitrarahaba,894 740 000 Ar,Lova RANDRIAMAMPIANINA,(+261) 34 02 443 01,https://www.ofim.mg/69110/Vente-Terrain-ANTANANARIVO-TANANARIVE-A-VENDRE-Opportunite-Exceptionnelle-Lotissement-de-24-Parcelles-a-Androhibe-Ambohitrarahaba.html
Vente Terrain de 2911m2 à Ivato Ambodirano,1 010 117 000 Ar,,,https://www.ofim.mg/66017/Vente-Terrain-ANTANANARIVO-TANANARIVE-Vente-Terrain-de-2911m2-a-Ivato-Ambodirano.html
Vente Terrain de 5400m2 Anosy Avaratra Antananarivo,1 080 000 000 Ar,,,https://www.ofim.mg/66046/Vente-Terrain-ANTANANARIVO-TANANARIVE-Vente-Terrain-de-5400m2-Anosy-Avaratra-Antananarivo.html
Terrain de 13.340m2 à vendre à Ambatoloana,1 115 200 000 Ar,Francia RAOLIJAONA,(+261) 34 02 218 69,https://www.ofim.mg/65982/Vente-Terrain-ANTANANARIVO-TANANARIVE-Terrain-de-13-340m2-a-vendre-a-Ambatoloana.html
Exceptionnel beau terrain de 2625 M2 à vendre près de l'aéroport,1 115 625 000 Ar,Lova RANDRIAMAMPIANINA,(+261) 34 02 443 01,https://www.ofim.mg/67355/Vente-Terrain-ANTANANARIVO-TANANARIVE-Exceptionnel-beau-terrain-de-2625-M2-a-vendre-pres-de-l-aeroport.html
Une grande propriété de 1 Ha77a  50ca à Ambohimanambola Masindray- Antananarivo,1 200 000 000 Ar,Felana RAKOTONDRAVOAVY,(+261) 34 16 547 55,https://www.ofim.mg/66969/Vente-Terrain-ANTANANARIVO-TANANARIVE-Une-grande-propriete-de-1-Ha77a-50ca-a-Ambohimanambola-Masindray-Antananarivo.html
vente d'une propriété de 789m2   avec une maison F6  à rénover proche de toutes les commodités à ivandry,1 200 000 000 Ar,Francia RAOLIJAONA,(+261) 34 02 218 69,https://www.ofim.mg/67020/Vente-Terrain-ANTANANARIVO-TANANARIVE-vente-d-une-propriete-de-789m2-avec-une-maison-F6-a-renover-proche-de-toutes-les-commodites-a-ivandry.html
vente d'un terrain de 2307m2 à Ambohibao Ambohijanahary,1 222 710 000 Ar,Francia RAOLIJAONA,(+261) 34 02 218 69,https://www.ofim.mg/66558/Vente-Terrain-ANTANANARIVO-TANANARIVE-vente-d-un-terrain-de-2307m2-a-Ambohibao-Ambohijanahary.html
,0,,,
Un terrain beau de 828 m2 entièrement clôturé en plein centre ville à Soanierana-Antananarivo,1 236 000 000 Ar,Felana RAKOTONDRAVOAVY,(+261) 34 16 547 55,https://www.ofim.mg/67848/Vente-Terrain-ANTANANARIVO-TANANARIVE-Un-terrain-beau-de-828-m2-entierement-cloture-en-plein-centre-ville-a-Soanierana-Antananarivo.html
Un grand terrain de 2ha06a30ca avec maison F5 à étage à Ambolokandrina - Antananarivo,1 590 000 000 Ar,Felana RAKOTONDRAVOAVY,(+261) 34 16 547 55,https://www.ofim.mg/67834/Vente-Terrain-ANTANANARIVO-TANANARIVE-Un-grand-terrain-de-2ha06a30ca-avec-maison-F5-a-etage-a-Ambolokandrina-Antananarivo.html
Grand terrain entièrement clôturé de 1ha 53 ca sis à Antsampandrano Ilafy,2 076 000 000 Ar,Felana RAKOTONDRAVOAVY,(+261) 34 16 547 55,https://www.ofim.mg/67497/Vente-Terrain-ANTANANARIVO-TANANARIVE-Grand-terrain-entierement-cloture-de-1ha-53-ca-sis-a-Antsampandrano-Ilafy.html
Terrain à vendre en plein centre ville à Soarano avec vue dégagée- Antananarivo,2 200 000 000 Ar,Felana RAKOTONDRAVOAVY,(+261) 34 16 547 55,https://www.ofim.mg/69579/Vente-Terrain-ANTANANARIVO-TANANARIVE-Terrain-a-vendre-en-plein-centre-ville-a-Soarano-avec-vue-degagee-Antananarivo.html
,0,,,
